name,old_name
0000.mp4,《秘境之眼》 不丹羚牛 20210606.mp4
0001.mp4,《秘境之眼》 丘鹬-白鹇-红腹锦鸡 20191119.mp4
0002.mp4,《秘境之眼》 东北虎 20191019.mp4
0003.mp4,《秘境之眼》 东北虎 20200501.mp4
0004.mp4,《秘境之眼》 东北虎-东北豹-雪豹-华北豹 20191003.mp4
0005.mp4,《秘境之眼》 东北虎-豹猫-鹰雕-须拟鲉 20201008.mp4
0006.mp4,《秘境之眼》 东北豹-东北虎-梅花鹿-黑熊-狍子 20220103.mp4
0007.mp4,《秘境之眼》 东北豹-兔狲-小熊猫-藏酋猴 20191009.mp4
0008.mp4,《秘境之眼》 东方大苇莺 20210824.mp4
0009.mp4,《秘境之眼》 东方白鹳 20210425.mp4
0010.mp4,《秘境之眼》 东方白鹳 20210505.mp4
0011.mp4,《秘境之眼》 东方白鹳 20211116.mp4
0012.mp4,《秘境之眼》 中华斑羚 20191219.mp4
0013.mp4,《秘境之眼》 中华斑羚 20200210.mp4
0014.mp4,《秘境之眼》 中华斑羚 20200219.mp4
0015.mp4,《秘境之眼》 中华斑羚 20200306.mp4
0016.mp4,《秘境之眼》 中华斑羚 20200325.mp4
0017.mp4,《秘境之眼》 中华斑羚 20200813.mp4
0018.mp4,《秘境之眼》 中华斑羚 20201012.mp4
0019.mp4,《秘境之眼》 中华斑羚 20201018.mp4
0020.mp4,《秘境之眼》 中华斑羚 20201021.mp4
0021.mp4,《秘境之眼》 中华斑羚 20210317.mp4
0022.mp4,《秘境之眼》 中华斑羚 20210328.mp4
0023.mp4,《秘境之眼》 中华斑羚 20210409.mp4
0024.mp4,《秘境之眼》 中华斑羚 20210504.mp4
0025.mp4,《秘境之眼》 中华斑羚 20210628.mp4
0026.mp4,《秘境之眼》 中华斑羚 20210801.mp4
0027.mp4,《秘境之眼》 中华斑羚 20210814.mp4
0028.mp4,《秘境之眼》 中华斑羚 20210818.mp4
0029.mp4,《秘境之眼》 中华斑羚 20210825.mp4
0030.mp4,《秘境之眼》 中华斑羚 20210908.mp4
0031.mp4,《秘境之眼》 中华斑羚 20211205.mp4
0032.mp4,《秘境之眼》 中华斑羚 20220121.mp4
0033.mp4,《秘境之眼》 中华斑羚 20220424.mp4
0034.mp4,《秘境之眼》 中华斑羚 20220429.mp4
0035.mp4,《秘境之眼》 中华斑羚-中华鬣羚 20200806.mp4
0036.mp4,《秘境之眼》 中华斑羚-乌林鸮-海南长臂猿 20201007.mp4
0037.mp4,《秘境之眼》 中华斑羚-毛冠鹿-猕猴-林麝-中华鬣羚 20220128.mp4
0038.mp4,《秘境之眼》 中华斑羚-豹猫-猪獾 20220615.mp4
0039.mp4,《秘境之眼》 中华斑羚-赤麂-猪獾-野猪 20210715.mp4
0040.mp4,《秘境之眼》 中华斑羚-麋鹿-小熊猫-黄喉貂 20191006.mp4
0041.mp4,《秘境之眼》 中华斑羚-黄喉貂-豪猪-花面狸-猪獾-野猪 20220619.mp4
0042.mp4,《秘境之眼》 中华虎凤蝶 20210802.mp4
0043.mp4,《秘境之眼》 中华鬣羚 20200104.mp4
0044.mp4,《秘境之眼》 中华鬣羚 20200326.mp4
0045.mp4,《秘境之眼》 中华鬣羚 20200411.mp4
0046.mp4,《秘境之眼》 中华鬣羚 20200513.mp4
0047.mp4,《秘境之眼》 中华鬣羚 20201013.mp4
0048.mp4,《秘境之眼》 中华鬣羚 20201101.mp4
0049.mp4,《秘境之眼》 中华鬣羚 20201114.mp4
0050.mp4,《秘境之眼》 中华鬣羚 20201212.mp4
0051.mp4,《秘境之眼》 中华鬣羚 20201230.mp4
0052.mp4,《秘境之眼》 中华鬣羚 20210109.mp4
0053.mp4,《秘境之眼》 中华鬣羚 20210124.mp4
0054.mp4,《秘境之眼》 中华鬣羚 20210410.mp4
0055.mp4,《秘境之眼》 中华鬣羚 20210419.mp4
0056.mp4,《秘境之眼》 中华鬣羚 20210423.mp4
0057.mp4,《秘境之眼》 中华鬣羚 20210515.mp4
0058.mp4,《秘境之眼》 中华鬣羚 20210806.mp4
0059.mp4,《秘境之眼》 中华鬣羚 20210901.mp4
0060.mp4,《秘境之眼》 中华鬣羚 20211126.mp4
0061.mp4,《秘境之眼》 中华鬣羚 20220108.mp4
0062.mp4,《秘境之眼》 中华鬣羚 20220130.mp4
0063.mp4,《秘境之眼》 中华鬣羚 20220305.mp4
0064.mp4,《秘境之眼》 中华鬣羚 20220409.mp4
0065.mp4,《秘境之眼》 中华鬣羚 20220516.mp4
0066.mp4,《秘境之眼》 中华鬣羚 20220523.mp4
0067.mp4,《秘境之眼》 中华鬣羚 20220606.mp4
0068.mp4,《秘境之眼》 中华鬣羚-毛冠鹿-林麝-野猪-中华斑羚-小麂 20210204.mp4
0069.mp4,《秘境之眼》 中华鬣羚-毛冠鹿-黄腹角雉-藏酋猴-白鹇-小麂 20211021.mp4
0070.mp4,《秘境之眼》 中国豪猪 20200222.mp4
0071.mp4,《秘境之眼》 中国豪猪 20201119.mp4
0072.mp4,《秘境之眼》 中国豪猪 20210721.mp4
0073.mp4,《秘境之眼》 中国豪猪 20220318.mp4
0074.mp4,《秘境之眼》 中国豪猪-毛冠鹿 20200218.mp4
0075.mp4,《秘境之眼》 丹顶鹤 20210202.mp4
0076.mp4,《秘境之眼》 丹顶鹤-四川羚牛-水獭-黑熊 20210612.mp4
0077.mp4,《秘境之眼》 丹顶鹤-野牦牛-藏狐-荒漠猫-雪豹 20211012.mp4
0078.mp4,《秘境之眼》 乌林鸮 20200430.mp4
0079.mp4,《秘境之眼》 云猫 20200914.mp4
0080.mp4,《秘境之眼》 云猫 20210726.mp4
0081.mp4,《秘境之眼》 云猫 20220310.mp4
0082.mp4,《秘境之眼》 云豹 20200712.mp4
0083.mp4,《秘境之眼》 云豹 20210209.mp4
0084.mp4,《秘境之眼》 云豹 20220604.mp4
0085.mp4,《秘境之眼》 云豹-中华鬣羚-果子狸 20190924.mp4
0086.mp4,《秘境之眼》 云豹-云猫 20220422.mp4
0087.mp4,《秘境之眼》 云豹-豹-豹猫-荒漠猫 20210531.mp4
0088.mp4,《秘境之眼》 亚洲象 20210812.mp4
0089.mp4,《秘境之眼》 亚洲象 20220501.mp4
0090.mp4,《秘境之眼》 倭花鼠 20220526.mp4
0091.mp4,《秘境之眼》 兔狲-岩羊-藏雪鸡 20200508.mp4
0092.mp4,《秘境之眼》 冠斑犀鸟 20200807.mp4
0093.mp4,《秘境之眼》 冠斑犀鸟 20200809.mp4
0094.mp4,《秘境之眼》 冠斑犀鸟-水雉-毛冠鹿-水鹿 20201003.mp4
0095.mp4,《秘境之眼》 凤头䴙䴘 20191021.mp4
0096.mp4,《秘境之眼》 凤头鸊鷉 20191022.mp4
0097.mp4,《秘境之眼》 凤头鸊鷉-水雉-黑翅长脚鹬 20200101.mp4
0098.mp4,《秘境之眼》 凤头鹰 20200507.mp4
0099.mp4,《秘境之眼》 凤头鹰-红原鸡-赤腹松鼠-海南长臂猿-巨松鼠-松雀鹰-山皇鸠-斑头鸺鹠 20220217.mp4
0100.mp4,《秘境之眼》 勺嘴鹬 20191215.mp4
0101.mp4,《秘境之眼》 勺鸡 20200422.mp4
0102.mp4,《秘境之眼》 勺鸡 20201112.mp4
0103.mp4,《秘境之眼》 勺鸡 20210421.mp4
0104.mp4,《秘境之眼》 勺鸡-褐马鸡-岩松鼠-黑鹳-野猪-黄鼬 20200716.mp4
0105.mp4,《秘境之眼》 勺鸡-黄喉貂 20200730.mp4
0106.mp4,《秘境之眼》 勺鸡-黑卷尾 20220329.mp4
0107.mp4,《秘境之眼》 北山羊 20191125.mp4
0108.mp4,《秘境之眼》 北山羊 20210808.mp4
0109.mp4,《秘境之眼》 北山羊 20220618.mp4
0110.mp4,《秘境之眼》 北山羊 20220622.mp4
0111.mp4,《秘境之眼》 北花鼠 20201209.mp4
0112.mp4,《秘境之眼》 北豚尾猴 20200122.mp4
0113.mp4,《秘境之眼》 北豚尾猴 20200123.mp4
0114.mp4,《秘境之眼》 北豚尾猴 20200530.mp4
0115.mp4,《秘境之眼》 北豚尾猴 20211224.mp4
0116.mp4,《秘境之眼》 北豚尾猴 20220430.mp4
0117.mp4,《秘境之眼》 华北豹 20200607.mp4
0118.mp4,《秘境之眼》 华北豹-东北虎-雪豹 20191004.mp4
0119.mp4,《秘境之眼》 华南兔 20200221.mp4
0120.mp4,《秘境之眼》 华南兔 20210720.mp4
0121.mp4,《秘境之眼》 印度野牛 20191111.mp4
0122.mp4,《秘境之眼》 印度野牛 20191112.mp4
0123.mp4,《秘境之眼》 印度野牛 20220403.mp4
0124.mp4,《秘境之眼》 原麝 20200228.mp4
0125.mp4,《秘境之眼》 原麝 20211108.mp4
0126.mp4,《秘境之眼》 喜马拉雅旱獭 20190916.mp4
0127.mp4,《秘境之眼》 喜马拉雅旱獭 20201213.mp4
0128.mp4,《秘境之眼》 喜马拉雅鬣羚 20220112.mp4
0129.mp4,《秘境之眼》 四川山鹧鸪 20210831.mp4
0130.mp4,《秘境之眼》 四川羚牛 20191202.mp4
0131.mp4,《秘境之眼》 四川羚牛 20201207.mp4
0132.mp4,《秘境之眼》 四川羚牛 20201228.mp4
0133.mp4,《秘境之眼》 四川羚牛 20210210.mp4
0134.mp4,《秘境之眼》 四川羚牛 20210303.mp4
0135.mp4,《秘境之眼》 四川羚牛 20210306.mp4
0136.mp4,《秘境之眼》 四川羚牛 20210401.mp4
0137.mp4,《秘境之眼》 四川羚牛 20210501.mp4
0138.mp4,《秘境之眼》 四川羚牛 20210621.mp4
0139.mp4,《秘境之眼》 四川羚牛 20211219.mp4
0140.mp4,《秘境之眼》 四川羚牛 20220410.mp4
0141.mp4,《秘境之眼》 四川羚牛-中华斑羚 20190928.mp4
0142.mp4,《秘境之眼》 四川马鹿 20220214.mp4
0143.mp4,《秘境之眼》 夜鹭 20210905.mp4
0144.mp4,《秘境之眼》 大斑啄木鸟 20200413.mp4
0145.mp4,《秘境之眼》 大斑啄木鸟-黄嘴栗啄木鸟-星头啄木鸟-栗啄木鸟-黄冠啄木鸟 20201103.mp4
0146.mp4,《秘境之眼》 大熊猫 20190930.mp4
0147.mp4,《秘境之眼》 大熊猫 20200621.mp4
0148.mp4,《秘境之眼》 大熊猫 20200930.mp4
0149.mp4,《秘境之眼》 大熊猫 20201130.mp4
0150.mp4,《秘境之眼》 大熊猫 20210101.mp4
0151.mp4,《秘境之眼》 大熊猫 20210102.mp4
0152.mp4,《秘境之眼》 大熊猫 20210212.mp4
0153.mp4,《秘境之眼》 大熊猫 20210302.mp4
0154.mp4,《秘境之眼》 大熊猫 20210304.mp4
0155.mp4,《秘境之眼》 大熊猫 20210305.mp4
0156.mp4,《秘境之眼》 大熊猫 20210701.mp4
0157.mp4,《秘境之眼》 大熊猫 20210920.mp4
0158.mp4,《秘境之眼》 大熊猫 20211022.mp4
0159.mp4,《秘境之眼》 大熊猫 20220109.mp4
0160.mp4,《秘境之眼》 大熊猫 20220320.mp4
0161.mp4,《秘境之眼》 大熊猫-四川羚牛-蓝马鸡-毛冠鹿 20211018.mp4
0162.mp4,《秘境之眼》 大熊猫-小熊猫-川金丝猴-四川羚牛-黑熊 20220216.mp4
0163.mp4,《秘境之眼》 大熊猫-川金丝猴-四川羚牛-海南长臂猿 20211002.mp4
0164.mp4,《秘境之眼》 大熊猫-川金丝猴-荒漠猫-白唇鹿 20211006.mp4
0165.mp4,《秘境之眼》 大熊猫-白头叶猴-长江江豚-朱鹮 20220522.mp4
0166.mp4,《秘境之眼》 大熊猫-白马鸡-四川羚牛-黄喉貂-小麂-赤狐 20211005.mp4
0167.mp4,《秘境之眼》 大熊猫-红嘴相思鸟-豹-雪豹 20211007.mp4
0168.mp4,《秘境之眼》 大熊猫-野牦牛-川金丝猴-中华鬣羚-白鹇-小麂-藏狐 20211008.mp4
0169.mp4,《秘境之眼》 大熊猫-野猪-中华斑羚-川金丝猴 20211013.mp4
0170.mp4,《秘境之眼》 大熊猫-雪豹-云猫 20201010.mp4
0171.mp4,《秘境之眼》 大熊猫-雪豹-华北豹-东北虎 20200522.mp4
0172.mp4,《秘境之眼》 大熊猫-雪豹-川金丝猴-白唇鹿-棕熊 20211003.mp4
0173.mp4,《秘境之眼》 大熊猫-黑熊-川金丝猴-四川羚牛-藏酋猴 20220102.mp4
0174.mp4,《秘境之眼》 大熊猫-黑鹳-红腹锦鸡-小麂 20210523.mp4
0175.mp4,《秘境之眼》 大鵟 20200928.mp4
0176.mp4,《秘境之眼》 大鵟 20220608.mp4
0177.mp4,《秘境之眼》 大鸨 20191117.mp4
0178.mp4,《秘境之眼》 大鸨 20200629.mp4
0179.mp4,《秘境之眼》 大鸨 20220502.mp4
0180.mp4,《秘境之眼》 安徽麝 20220529.mp4
0181.mp4,《秘境之眼》 寿带 20200106.mp4
0182.mp4,《秘境之眼》 小天鹅-雉鸡-黑熊-中华斑羚-猪獾-小麂 20220207.mp4
0183.mp4,《秘境之眼》 小熊猫 20210816.mp4
0184.mp4,《秘境之眼》 小熊猫 20220325.mp4
0185.mp4,《秘境之眼》 小麂 20200118.mp4
0186.mp4,《秘境之眼》 小麂 20200419.mp4
0187.mp4,《秘境之眼》 小麂 20200424.mp4
0188.mp4,《秘境之眼》 小麂 20200605.mp4
0189.mp4,《秘境之眼》 小麂 20200705.mp4
0190.mp4,《秘境之眼》 小麂 20200714.mp4
0191.mp4,《秘境之眼》 小麂 20200825.mp4
0192.mp4,《秘境之眼》 小麂 20200826.mp4
0193.mp4,《秘境之眼》 小麂 20200926.mp4
0194.mp4,《秘境之眼》 小麂 20201028.mp4
0195.mp4,《秘境之眼》 小麂 20201107.mp4
0196.mp4,《秘境之眼》 小麂 20201211.mp4
0197.mp4,《秘境之眼》 小麂 20201223.mp4
0198.mp4,《秘境之眼》 小麂 20210114.mp4
0199.mp4,《秘境之眼》 小麂 20210119.mp4
0200.mp4,《秘境之眼》 小麂 20210417.mp4
0201.mp4,《秘境之眼》 小麂 20210429.mp4
0202.mp4,《秘境之眼》 小麂 20210521.mp4
0203.mp4,《秘境之眼》 小麂 20210602.mp4
0204.mp4,《秘境之眼》 小麂 20210610.mp4
0205.mp4,《秘境之眼》 小麂 20210708.mp4
0206.mp4,《秘境之眼》 小麂 20210714.mp4
0207.mp4,《秘境之眼》 小麂 20210730.mp4
0208.mp4,《秘境之眼》 小麂 20210815.mp4
0209.mp4,《秘境之眼》 小麂 20210820.mp4
0210.mp4,《秘境之眼》 小麂 20210904.mp4
0211.mp4,《秘境之眼》 小麂 20210912.mp4
0212.mp4,《秘境之眼》 小麂 20210923.mp4
0213.mp4,《秘境之眼》 小麂 20211114.mp4
0214.mp4,《秘境之眼》 小麂 20211204.mp4
0215.mp4,《秘境之眼》 小麂 20211211.mp4
0216.mp4,《秘境之眼》 小麂 20211216.mp4
0217.mp4,《秘境之眼》 小麂 20220115.mp4
0218.mp4,《秘境之眼》 小麂 20220122.mp4
0219.mp4,《秘境之眼》 小麂 20220225.mp4
0220.mp4,《秘境之眼》 小麂 20220506.mp4
0221.mp4,《秘境之眼》 小麂 20220519.mp4
0222.mp4,《秘境之眼》 小麂 20220609.mp4
0223.mp4,《秘境之眼》 小麂-中华鬣羚-勺鸡-白鹇-藏酋猴-野猪-毛冠鹿 20211016.mp4
0224.mp4,《秘境之眼》 小麂-中华鬣羚-白鹇-藏酋猴-勺鸡-毛冠鹿 20220218.mp4
0225.mp4,《秘境之眼》 小麂-勺鸡-白鹇-牛背鹭 20200203.mp4
0226.mp4,《秘境之眼》 小麂-白鹇 20210723.mp4
0227.mp4,《秘境之眼》 小黑领噪鹛-白眉鸫-灰头绿啄木鸟-黑背燕尾 20210914.mp4
0228.mp4,《秘境之眼》 山斑鸠 20200315.mp4
0229.mp4,《秘境之眼》 山斑鸠-红嘴蓝鹊-勺鸡 20210803.mp4
0230.mp4,《秘境之眼》 岩松鼠 20220415.mp4
0231.mp4,《秘境之眼》 岩羊 20190904.mp4
0232.mp4,《秘境之眼》 岩羊 20190912.mp4
0233.mp4,《秘境之眼》 岩羊 20190921.mp4
0234.mp4,《秘境之眼》 岩羊 20191016.mp4
0235.mp4,《秘境之眼》 岩羊 20200620.mp4
0236.mp4,《秘境之眼》 岩羊 20200723.mp4
0237.mp4,《秘境之眼》 岩羊 20200724.mp4
0238.mp4,《秘境之眼》 岩羊 20210326.mp4
0239.mp4,《秘境之眼》 岩羊 20210411.mp4
0240.mp4,《秘境之眼》 岩羊 20210414.mp4
0241.mp4,《秘境之眼》 岩羊 20210731.mp4
0242.mp4,《秘境之眼》 岩羊 20220227.mp4
0243.mp4,《秘境之眼》 岩羊 20220407.mp4
0244.mp4,《秘境之眼》 岩羊 20220508.mp4
0245.mp4,《秘境之眼》 岩羊-北山羊 20191207.mp4
0246.mp4,《秘境之眼》 岩羊-野牦牛-藏野驴-棕熊-狼 20210513.mp4
0247.mp4,《秘境之眼》 岩羊-雪豹-白唇鹿 20191109.mp4
0248.mp4,《秘境之眼》 川金丝猴 20200208.mp4
0249.mp4,《秘境之眼》 川金丝猴 20200402.mp4
0250.mp4,《秘境之眼》 川金丝猴 20201109.mp4
0251.mp4,《秘境之眼》 川金丝猴 20201227.mp4
0252.mp4,《秘境之眼》 川金丝猴 20210117.mp4
0253.mp4,《秘境之眼》 川金丝猴 20210130.mp4
0254.mp4,《秘境之眼》 川金丝猴 20210221.mp4
0255.mp4,《秘境之眼》 川金丝猴 20210830.mp4
0256.mp4,《秘境之眼》 川金丝猴 20220213.mp4
0257.mp4,《秘境之眼》 川金丝猴 20220417.mp4
0258.mp4,《秘境之眼》 川金丝猴-海南长臂猿-北豚尾猴 20210529.mp4
0259.mp4,《秘境之眼》 川金丝猴-白头叶猴-东黑冠长臂猿-猕猴 20191005.mp4
0260.mp4,《秘境之眼》 戈壁盘羊 20191214.mp4
0261.mp4,《秘境之眼》 戈壁盘羊 20210829.mp4
0262.mp4,《秘境之眼》 戈壁盘羊 20220613.mp4
0263.mp4,《秘境之眼》 扬子鳄 20211218.mp4
0264.mp4,《秘境之眼》 文须雀 20200421.mp4
0265.mp4,《秘境之眼》 斑刻新雀鲷-须拟鲉-匀斑裸胸鳝 20200906.mp4
0266.mp4,《秘境之眼》 斑头雁 20191113.mp4
0267.mp4,《秘境之眼》 斑头雁 20200527.mp4
0268.mp4,《秘境之眼》 斑头雁 20200829.mp4
0269.mp4,《秘境之眼》 斑头鸺鹠 20200731.mp4
0270.mp4,《秘境之眼》 斑林狸-花面狸 20191121.mp4
0271.mp4,《秘境之眼》 斑海豹 20200524.mp4
0272.mp4,《秘境之眼》 斑海豹 20200525.mp4
0273.mp4,《秘境之眼》 斑海豹 20210608.mp4
0274.mp4,《秘境之眼》 斑海豹-东北虎-黑熊-黄喉貂 20201009.mp4
0275.mp4,《秘境之眼》 斑海豹-雪豹 20210530.mp4
0276.mp4,《秘境之眼》 旱獭 20220603.mp4
0277.mp4,《秘境之眼》 星头啄木鸟-栗啄木鸟-鹰雕-猪獾 20210526.mp4
0278.mp4,《秘境之眼》 普氏野马 20200801.mp4
0279.mp4,《秘境之眼》 普氏野马 20210919.mp4
0280.mp4,《秘境之眼》 普氏野马 20220401.mp4
0281.mp4,《秘境之眼》 普通燕鸥 20210917.mp4
0282.mp4,《秘境之眼》 普通鸬鹚 20211229.mp4
0283.mp4,《秘境之眼》 暗腹雪鸡 20200606.mp4
0284.mp4,《秘境之眼》 朱鹮 20200924.mp4
0285.mp4,《秘境之眼》 朱鹮-大鲵 20210426.mp4
0286.mp4,《秘境之眼》 松鸦 20200304.mp4
0287.mp4,《秘境之眼》 林麝 20220212.mp4
0288.mp4,《秘境之眼》 林麝 20220326.mp4
0289.mp4,《秘境之眼》 林麝 20220511.mp4
0290.mp4,《秘境之眼》 果子狸 20220528.mp4
0291.mp4,《秘境之眼》 果子狸 20220601.mp4
0292.mp4,《秘境之眼》 果子狸-中国豪猪-猪獾 20200109.mp4
0293.mp4,《秘境之眼》 梅花鹿 20210913.mp4
0294.mp4,《秘境之眼》 梅花鹿 20220129.mp4
0295.mp4,《秘境之眼》 梅花鹿 20220328.mp4
0296.mp4,《秘境之眼》 梅花鹿-狍 20220416.mp4
0297.mp4,《秘境之眼》 梅花鹿-虎-黑熊-豹-黄喉貂-马鹿-赤狐 20200116.mp4
0298.mp4,《秘境之眼》 梭子蟹 20201106.mp4
0299.mp4,《秘境之眼》 棕熊 20191227.mp4
0300.mp4,《秘境之眼》 棕熊 20201031.mp4
0301.mp4,《秘境之眼》 棕熊 20201214.mp4
0302.mp4,《秘境之眼》 棕熊 20210918.mp4
0303.mp4,《秘境之眼》 棕熊-黑熊 20191114.mp4
0304.mp4,《秘境之眼》 棕鼯鼠 20220107.mp4
0305.mp4,《秘境之眼》 欧亚水獭 20201220.mp4
0306.mp4,《秘境之眼》 毛冠鹿 20191210.mp4
0307.mp4,《秘境之眼》 毛冠鹿 20200318.mp4
0308.mp4,《秘境之眼》 毛冠鹿 20200324.mp4
0309.mp4,《秘境之眼》 毛冠鹿 20200812.mp4
0310.mp4,《秘境之眼》 毛冠鹿 20200902.mp4
0311.mp4,《秘境之眼》 毛冠鹿 20200925.mp4
0312.mp4,《秘境之眼》 毛冠鹿 20201025.mp4
0313.mp4,《秘境之眼》 毛冠鹿 20201108.mp4
0314.mp4,《秘境之眼》 毛冠鹿 20201113.mp4
0315.mp4,《秘境之眼》 毛冠鹿 20210115.mp4
0316.mp4,《秘境之眼》 毛冠鹿 20210128.mp4
0317.mp4,《秘境之眼》 毛冠鹿 20210206.mp4
0318.mp4,《秘境之眼》 毛冠鹿 20210509.mp4
0319.mp4,《秘境之眼》 毛冠鹿 20211123.mp4
0320.mp4,《秘境之眼》 毛冠鹿 20211226.mp4
0321.mp4,《秘境之眼》 毛冠鹿 20220116.mp4
0322.mp4,《秘境之眼》 毛冠鹿 20220226.mp4
0323.mp4,《秘境之眼》 毛冠鹿 20220311.mp4
0324.mp4,《秘境之眼》 毛冠鹿 20220510.mp4
0325.mp4,《秘境之眼》 毛冠鹿 20220518.mp4
0326.mp4,《秘境之眼》 毛冠鹿 20220607.mp4
0327.mp4,《秘境之眼》 毛冠鹿 20220616.mp4
0328.mp4,《秘境之眼》 毛冠鹿 20220624.mp4
0329.mp4,《秘境之眼》 毛冠鹿-中国豪猪-中华斑羚 20210427.mp4
0330.mp4,《秘境之眼》 毛冠鹿-小麂 20210516.mp4
0331.mp4,《秘境之眼》 毛冠鹿-猕猴 20211125.mp4
0332.mp4,《秘境之眼》 毛冠鹿-黄喉貂-秦岭羚牛 20191204.mp4
0333.mp4,《秘境之眼》 水雉 20191101.mp4
0334.mp4,《秘境之眼》 水雉 20211111.mp4
0335.mp4,《秘境之眼》 水鹿 20191026.mp4
0336.mp4,《秘境之眼》 水鹿 20200916.mp4
0337.mp4,《秘境之眼》 水鹿 20210822.mp4
0338.mp4,《秘境之眼》 水鹿 20220307.mp4
0339.mp4,《秘境之眼》 水鹿 20220321.mp4
0340.mp4,《秘境之眼》 河狸 20200425.mp4
0341.mp4,《秘境之眼》 河狸 20200426.mp4
0342.mp4,《秘境之眼》 河狸 20200427.mp4
0343.mp4,《秘境之眼》 海南长臂猿 20200225.mp4
0344.mp4,《秘境之眼》 海南长臂猿 20200226.mp4
0345.mp4,《秘境之眼》 海南长臂猿 20200929.mp4
0346.mp4,《秘境之眼》 海南长臂猿 20201026.mp4
0347.mp4,《秘境之眼》 海南长臂猿 20210215.mp4
0348.mp4,《秘境之眼》 海南长臂猿 20210605.mp4
0349.mp4,《秘境之眼》 海南长臂猿 20211015.mp4
0350.mp4,《秘境之眼》 海南长臂猿-海南孔雀雉-海南赤麂-白喉冠鹎-赤腹松鼠 20220104.mp4
0351.mp4,《秘境之眼》 海南长臂猿-海南赤麂-海南孔雀雉-巨松鼠-椰子狸 20211020.mp4
0352.mp4,《秘境之眼》 海南鳽 20200725.mp4
0353.mp4,《秘境之眼》 海南鳽 20200726.mp4
0354.mp4,《秘境之眼》 滇金丝猴 20210201.mp4
0355.mp4,《秘境之眼》 灰头鸫-宝兴歌鸫-蓝马鸡 20191211.mp4
0356.mp4,《秘境之眼》 灰孔雀雉-红原鸡-白鹇 20191120.mp4
0357.mp4,《秘境之眼》 灰眶雀鹛 20200223.mp4
0358.mp4,《秘境之眼》 灰胸竹鸡 20220119.mp4
0359.mp4,《秘境之眼》 灰鹤 20191024.mp4
0360.mp4,《秘境之眼》 熊猴 20200608.mp4
0361.mp4,《秘境之眼》 熊猴 20200802.mp4
0362.mp4,《秘境之眼》 熊猴 20200803.mp4
0363.mp4,《秘境之眼》 熊猴 20200815.mp4
0364.mp4,《秘境之眼》 熊猴 20210711.mp4
0365.mp4,《秘境之眼》 熊猴 20211113.mp4
0366.mp4,《秘境之眼》 熊猴 20220406.mp4
0367.mp4,《秘境之眼》 熊猴 20220512.mp4
0368.mp4,《秘境之眼》 狍 20190927.mp4
0369.mp4,《秘境之眼》 狍 20191011.mp4
0370.mp4,《秘境之眼》 狍 20200309.mp4
0371.mp4,《秘境之眼》 狍 20200917.mp4
0372.mp4,《秘境之眼》 狍 20201203.mp4
0373.mp4,《秘境之眼》 狍 20210420.mp4
0374.mp4,《秘境之眼》 狍 20210519.mp4
0375.mp4,《秘境之眼》 狍 20210611.mp4
0376.mp4,《秘境之眼》 狍 20210804.mp4
0377.mp4,《秘境之眼》 狍 20211106.mp4
0378.mp4,《秘境之眼》 狍 20211115.mp4
0379.mp4,《秘境之眼》 狍 20220507.mp4
0380.mp4,《秘境之眼》 狍-红嘴蓝鹊-黑麂-小麂-黑脸琵鹭-琵嘴鸭 20210528.mp4
0381.mp4,《秘境之眼》 狍-野猪-豹-豹猫 20191030.mp4
0382.mp4,《秘境之眼》 狍-野猪-豹猫-狗獾 20210813.mp4
0383.mp4,《秘境之眼》 狍子 20200412.mp4
0384.mp4,《秘境之眼》 狍子-猞猁 20200107.mp4
0385.mp4,《秘境之眼》 狗獾 20190926.mp4
0386.mp4,《秘境之眼》 狗獾 20210106.mp4
0387.mp4,《秘境之眼》 狗獾 20210511.mp4
0388.mp4,《秘境之眼》 狗獾-黄鼬-狍-豹 20200323.mp4
0389.mp4,《秘境之眼》 狼 20210424.mp4
0390.mp4,《秘境之眼》 狼 20220605.mp4
0391.mp4,《秘境之眼》 狼-藏原羚-黄喉貂-川金丝猴-兔狲 20211009.mp4
0392.mp4,《秘境之眼》 狼-赤狐 20210312.mp4
0393.mp4,《秘境之眼》 猕猴 20190902.mp4
0394.mp4,《秘境之眼》 猕猴 20191224.mp4
0395.mp4,《秘境之眼》 猕猴 20191225.mp4
0396.mp4,《秘境之眼》 猕猴 20200114.mp4
0397.mp4,《秘境之眼》 猕猴 20200307.mp4
0398.mp4,《秘境之眼》 猕猴 20200317.mp4
0399.mp4,《秘境之眼》 猕猴 20200319.mp4
0400.mp4,《秘境之眼》 猕猴 20200330.mp4
0401.mp4,《秘境之眼》 猕猴 20200614.mp4
0402.mp4,《秘境之眼》 猕猴 20200702.mp4
0403.mp4,《秘境之眼》 猕猴 20200704.mp4
0404.mp4,《秘境之眼》 猕猴 20200713.mp4
0405.mp4,《秘境之眼》 猕猴 20200904.mp4
0406.mp4,《秘境之眼》 猕猴 20200905.mp4
0407.mp4,《秘境之眼》 猕猴 20201128.mp4
0408.mp4,《秘境之眼》 猕猴 20201217.mp4
0409.mp4,《秘境之眼》 猕猴 20210520.mp4
0410.mp4,《秘境之眼》 猕猴 20210626.mp4
0411.mp4,《秘境之眼》 猕猴 20210916.mp4
0412.mp4,《秘境之眼》 猕猴 20210926.mp4
0413.mp4,《秘境之眼》 猕猴 20211119.mp4
0414.mp4,《秘境之眼》 猕猴 20220327.mp4
0415.mp4,《秘境之眼》 猕猴 20220413.mp4
0416.mp4,《秘境之眼》 猕猴 20220427.mp4
0417.mp4,《秘境之眼》 猕猴 20220504.mp4
0418.mp4,《秘境之眼》 猕猴 20220514.mp4
0419.mp4,《秘境之眼》 猕猴 20220517.mp4
0420.mp4,《秘境之眼》 猕猴-猪獾 20210422.mp4
0421.mp4,《秘境之眼》 猕猴-艾鼬-马鹿-小熊猫 20200129.mp4
0422.mp4,《秘境之眼》 猞猁 20190917.mp4
0423.mp4,《秘境之眼》 猞猁 20190918.mp4
0424.mp4,《秘境之眼》 猞猁 20191124.mp4
0425.mp4,《秘境之眼》 猞猁 20191205.mp4
0426.mp4,《秘境之眼》 猞猁 20200121.mp4
0427.mp4,《秘境之眼》 猞猁 20200511.mp4
0428.mp4,《秘境之眼》 猞猁 20200531.mp4
0429.mp4,《秘境之眼》 猞猁 20200625.mp4
0430.mp4,《秘境之眼》 猞猁 20200913.mp4
0431.mp4,《秘境之眼》 猞猁 20210110.mp4
0432.mp4,《秘境之眼》 猞猁 20210112.mp4
0433.mp4,《秘境之眼》 猞猁 20210510.mp4
0434.mp4,《秘境之眼》 猞猁 20210712.mp4
0435.mp4,《秘境之眼》 猞猁 20210823.mp4
0436.mp4,《秘境之眼》 猞猁 20211129.mp4
0437.mp4,《秘境之眼》 猞猁 20220610.mp4
0438.mp4,《秘境之眼》 猞猁 20220627.mp4
0439.mp4,《秘境之眼》 猞猁-棕熊-野猪 20201208.mp4
0440.mp4,《秘境之眼》 猞猁-貂熊 20210502.mp4
0441.mp4,《秘境之眼》 猞猁-野猪-松鸦-原麝 20210319.mp4
0442.mp4,《秘境之眼》 猞猁-雪豹-豹 20191216.mp4
0443.mp4,《秘境之眼》 猪獾 20200418.mp4
0444.mp4,《秘境之眼》 猪獾 20200630.mp4
0445.mp4,《秘境之眼》 猪獾 20200811.mp4
0446.mp4,《秘境之眼》 猪獾 20210120.mp4
0447.mp4,《秘境之眼》 猪獾 20210428.mp4
0448.mp4,《秘境之眼》 猪獾 20210518.mp4
0449.mp4,《秘境之眼》 猪獾 20210811.mp4
0450.mp4,《秘境之眼》 猪獾 20211026.mp4
0451.mp4,《秘境之眼》 猪獾 20211225.mp4
0452.mp4,《秘境之眼》 猪獾 20220224.mp4
0453.mp4,《秘境之眼》 猪獾 20220414.mp4
0454.mp4,《秘境之眼》 猪獾 20220423.mp4
0455.mp4,《秘境之眼》 猪獾 20220602.mp4
0456.mp4,《秘境之眼》 猪獾-中华鬣羚-黄腹角雉 20191103.mp4
0457.mp4,《秘境之眼》 猪獾-中国豪猪 20200409.mp4
0458.mp4,《秘境之眼》 猪獾-狍-红嘴蓝鹊-环颈雉-狗獾 20200701.mp4
0459.mp4,《秘境之眼》 猪獾-黄喉貂 20220323.mp4
0460.mp4,《秘境之眼》 环颈雉 20191212.mp4
0461.mp4,《秘境之眼》 环颈雉 20200918.mp4
0462.mp4,《秘境之眼》 环颈雉 20210127.mp4
0463.mp4,《秘境之眼》 环颈雉 20210713.mp4
0464.mp4,《秘境之眼》 珀氏长吻松鼠 20200110.mp4
0465.mp4,《秘境之眼》 白冠噪鹛 20201125.mp4
0466.mp4,《秘境之眼》 白冠长尾雉 20191129.mp4
0467.mp4,《秘境之眼》 白冠长尾雉 20210129.mp4
0468.mp4,《秘境之眼》 白冠长尾雉 20220120.mp4
0469.mp4,《秘境之眼》 白唇鹿 20200212.mp4
0470.mp4,《秘境之眼》 白唇鹿 20210405.mp4
0471.mp4,《秘境之眼》 白唇鹿 20210627.mp4
0472.mp4,《秘境之眼》 白唇鹿-大熊猫-虎-四川羚牛-川金丝猴-黑颈鹤-雪豹-中华鬣羚-黑熊-梅花鹿-豹 20211010.mp4
0473.mp4,《秘境之眼》 白喉冠鹎 20200227.mp4
0474.mp4,《秘境之眼》 白喉冠鹎-巨松鼠-海南长臂猿 20210622.mp4
0475.mp4,《秘境之眼》 白喉噪鹛 20220419.mp4
0476.mp4,《秘境之眼》 白喉短翅鸫 20200217.mp4
0477.mp4,《秘境之眼》 白头叶猴 20201116.mp4
0478.mp4,《秘境之眼》 白头叶猴 20210309.mp4
0479.mp4,《秘境之眼》 白头叶猴 20211025.mp4
0480.mp4,《秘境之眼》 白头叶猴-滇金丝猴-长臂猿-川金丝猴 20200516.mp4
0481.mp4,《秘境之眼》 白头叶猴-猞猁-凤头䴙䴘-河狸 20201019.mp4
0482.mp4,《秘境之眼》 白头叶猴-藏酋猴-四川羚牛 20210525.mp4
0483.mp4,《秘境之眼》 白头鹤 20211030.mp4
0484.mp4,《秘境之眼》 白尾梢红雉 20200903.mp4
0485.mp4,《秘境之眼》 白琵鹭 20191231.mp4
0486.mp4,《秘境之眼》 白眉山鹧鸪 20210819.mp4
0487.mp4,《秘境之眼》 白眉山鹧鸪-山斑鸠-虎斑地鸫 20210722.mp4
0488.mp4,《秘境之眼》 白翅蓝鹊 20200907.mp4
0489.mp4,《秘境之眼》 白翅蓝鹊-松鼠 20200819.mp4
0490.mp4,《秘境之眼》 白翅蓝鹊-棕颈钩嘴鹛 20200120.mp4
0491.mp4,《秘境之眼》 白腰鹊鸲-褐胸山鹧鸪 20200119.mp4
0492.mp4,《秘境之眼》 白腹锦鸡 20191028.mp4
0493.mp4,《秘境之眼》 白腹锦鸡 20200316.mp4
0494.mp4,《秘境之眼》 白腹锦鸡 20220316.mp4
0495.mp4,《秘境之眼》 白腹锦鸡 20220617.mp4
0496.mp4,《秘境之眼》 白腹锦鸡-红腹角雉 20210623.mp4
0497.mp4,《秘境之眼》 白顶溪鸲-紫啸鸫 20200721.mp4
0498.mp4,《秘境之眼》 白颈长尾雉 20200616.mp4
0499.mp4,《秘境之眼》 白颈长尾雉 20201118.mp4
0500.mp4,《秘境之眼》 白颈长尾雉 20211223.mp4
0501.mp4,《秘境之眼》 白颊猕猴 20210619.mp4
0502.mp4,《秘境之眼》 白颊猕猴 20220304.mp4
0503.mp4,《秘境之眼》 白颊猕猴 20220420.mp4
0504.mp4,《秘境之眼》 白额燕尾 20220405.mp4
0505.mp4,《秘境之眼》 白马鸡 20210116.mp4
0506.mp4,《秘境之眼》 白鹇 20190920.mp4
0507.mp4,《秘境之眼》 白鹇 20191112.mp4
0508.mp4,《秘境之眼》 白鹇 20200405.mp4
0509.mp4,《秘境之眼》 白鹇 20200512.mp4
0510.mp4,《秘境之眼》 白鹇 20200603.mp4
0511.mp4,《秘境之眼》 白鹇 20200613.mp4
0512.mp4,《秘境之眼》 白鹇 20200617.mp4
0513.mp4,《秘境之眼》 白鹇 20200626.mp4
0514.mp4,《秘境之眼》 白鹇 20200722.mp4
0515.mp4,《秘境之眼》 白鹇 20201120.mp4
0516.mp4,《秘境之眼》 白鹇 20201229.mp4
0517.mp4,《秘境之眼》 白鹇 20210113.mp4
0518.mp4,《秘境之眼》 白鹇 20210415.mp4
0519.mp4,《秘境之眼》 白鹇 20210512.mp4
0520.mp4,《秘境之眼》 白鹇 20210514.mp4
0521.mp4,《秘境之眼》 白鹇 20210609.mp4
0522.mp4,《秘境之眼》 白鹇 20210617.mp4
0523.mp4,《秘境之眼》 白鹇 20210707.mp4
0524.mp4,《秘境之眼》 白鹇 20210716.mp4
0525.mp4,《秘境之眼》 白鹇 20210727.mp4
0526.mp4,《秘境之眼》 白鹇 20210810.mp4
0527.mp4,《秘境之眼》 白鹇 20210903.mp4
0528.mp4,《秘境之眼》 白鹇 20211029.mp4
0529.mp4,《秘境之眼》 白鹇 20211110.mp4
0530.mp4,《秘境之眼》 白鹇 20211118.mp4
0531.mp4,《秘境之眼》 白鹇 20211201.mp4
0532.mp4,《秘境之眼》 白鹇 20211207.mp4
0533.mp4,《秘境之眼》 白鹇 20211215.mp4
0534.mp4,《秘境之眼》 白鹇 20211221.mp4
0535.mp4,《秘境之眼》 白鹇 20211228.mp4
0536.mp4,《秘境之眼》 白鹇 20220113.mp4
0537.mp4,《秘境之眼》 白鹇 20220118.mp4
0538.mp4,《秘境之眼》 白鹇 20220125.mp4
0539.mp4,《秘境之眼》 白鹇 20220223.mp4
0540.mp4,《秘境之眼》 白鹇 20220301.mp4
0541.mp4,《秘境之眼》 白鹇 20220308.mp4
0542.mp4,《秘境之眼》 白鹇 20220513.mp4
0543.mp4,《秘境之眼》 白鹇 20220614.mp4
0544.mp4,《秘境之眼》 白鹇-小麂 20200105.mp4
0545.mp4,《秘境之眼》 白鹇-小麂 20201117.mp4
0546.mp4,《秘境之眼》 白鹇-小麂 20210929.mp4
0547.mp4,《秘境之眼》 白鹇-猕猴-云豹 20190923.mp4
0548.mp4,《秘境之眼》 白鹇-蛇雕-黑颈长尾雉-黑熊 20200314.mp4
0549.mp4,《秘境之眼》 白鹇-野猪 20190925.mp4
0550.mp4,《秘境之眼》 白鹇-食蟹獴-小灵猫 20220106.mp4
0551.mp4,《秘境之眼》 白鹇-黑麂-藏酋猴-中国豪猪 20200702.mp4
0552.mp4,《秘境之眼》 白鹤 20210703.mp4
0553.mp4,《秘境之眼》 白鹭 20211112.mp4
0554.mp4,《秘境之眼》 白鹭-大白鹭 20210924.mp4
0555.mp4,《秘境之眼》 短尾猴 20191027.mp4
0556.mp4,《秘境之眼》 短尾猴 20200823.mp4
0557.mp4,《秘境之眼》 短尾猴 20210725.mp4
0558.mp4,《秘境之眼》 短尾猴 20220330.mp4
0559.mp4,《秘境之眼》 石鸡 20210107.mp4
0560.mp4,《秘境之眼》 秦岭羚牛 20191010.mp4
0561.mp4,《秘境之眼》 秦岭羚牛 20200514.mp4
0562.mp4,《秘境之眼》 秦岭羚牛 20210322.mp4
0563.mp4,《秘境之眼》 紫啸鸫 20210105.mp4
0564.mp4,《秘境之眼》 紫啸鸫-虎斑地鸫 20201126.mp4
0565.mp4,《秘境之眼》 紫水鸡 20210607.mp4
0566.mp4,《秘境之眼》 紫貂  20210709.mp4
0567.mp4,《秘境之眼》 紫貂 20210507.mp4
0568.mp4,《秘境之眼》 红原鸡 20200331.mp4
0569.mp4,《秘境之眼》 红原鸡 20200627.mp4
0570.mp4,《秘境之眼》 红原鸡 20200709.mp4
0571.mp4,《秘境之眼》 红原鸡 20211104.mp4
0572.mp4,《秘境之眼》 红原鸡-赤麂 20200313.mp4
0573.mp4,《秘境之眼》 红嘴蓝鹊 20200410.mp4
0574.mp4,《秘境之眼》 红嘴蓝鹊 20220505.mp4
0575.mp4,《秘境之眼》 红嘴蓝鹊-松鸦 20200623.mp4
0576.mp4,《秘境之眼》 红脚鹬-黑翅长脚鹬-反嘴鹬 20191118.mp4
0577.mp4,《秘境之眼》 红腹角雉 20200416.mp4
0578.mp4,《秘境之眼》 红腹角雉 20201014.mp4
0579.mp4,《秘境之眼》 红腹角雉 20201020.mp4
0580.mp4,《秘境之眼》 红腹角雉 20201022.mp4
0581.mp4,《秘境之眼》 红腹角雉 20210108.mp4
0582.mp4,《秘境之眼》 红腹角雉 20210406.mp4
0583.mp4,《秘境之眼》 红腹角雉 20210907.mp4
0584.mp4,《秘境之眼》 红腹角雉 20210921.mp4
0585.mp4,《秘境之眼》 红腹角雉 20220531.mp4
0586.mp4,《秘境之眼》 红腹角雉-黄腹角雉-绿尾虹雉-白冠长尾雉-黑颈长尾雉 20200125.mp4
0587.mp4,《秘境之眼》 红腹锦鸡 20191220.mp4
0588.mp4,《秘境之眼》 红腹锦鸡 20200303.mp4
0589.mp4,《秘境之眼》 红腹锦鸡 20201016.mp4
0590.mp4,《秘境之眼》 红腹锦鸡 20201216.mp4
0591.mp4,《秘境之眼》 红腹锦鸡 20210123.mp4
0592.mp4,《秘境之眼》 红腹锦鸡 20210616.mp4
0593.mp4,《秘境之眼》 红腹锦鸡 20210706.mp4
0594.mp4,《秘境之眼》 红腹锦鸡 20210817.mp4
0595.mp4,《秘境之眼》 红腹锦鸡 20210915.mp4
0596.mp4,《秘境之眼》 红腹锦鸡 20220421.mp4
0597.mp4,《秘境之眼》 红腹锦鸡-中华斑羚 20200408.mp4
0598.mp4,《秘境之眼》 红腹锦鸡-中华斑羚 20201129.mp4
0599.mp4,《秘境之眼》 红腹锦鸡-勺鸡-环颈雉-野猪-狍子-猪獾-豹 20191226.mp4
0600.mp4,《秘境之眼》 红腹锦鸡-毛冠鹿-猪獾-白颈长尾雉-豹猫-白鹇-鸳鸯 20220209.mp4
0601.mp4,《秘境之眼》 红腹锦鸡-黑领噪鹛 20200327.mp4
0602.mp4,《秘境之眼》 红腿长吻松鼠 20220625.mp4
0603.mp4,《秘境之眼》 纯色山鹪莺-蓝背八色鸫-长尾缝叶莺-红喉歌鸲 20200224.mp4
0604.mp4,《秘境之眼》 纹腹叉鼻鲀 20200824.mp4
0605.mp4,《秘境之眼》 绿嘴地鹃 20200428.mp4
0606.mp4,《秘境之眼》 绿尾虹雉 20210323.mp4
0607.mp4,《秘境之眼》 绿尾虹雉-金猫-黄喉貂-黑啄木鸟 20200519.mp4
0608.mp4,《秘境之眼》 胡兀鹫-渡鸦 20201226.mp4
0609.mp4,《秘境之眼》 胡兀鹫-白唇鹿-藏雪鸡-雪豹-棕熊-荒漠猫 20220219.mp4
0610.mp4,《秘境之眼》 艾鼬 20191209.mp4
0611.mp4,《秘境之眼》 艾鼬-乌林鸮-黄胸绿鹊-勺嘴鹬 20200518.mp4
0612.mp4,《秘境之眼》 苍鹭 20200207.mp4
0613.mp4,《秘境之眼》 苍鹭 20200504.mp4
0614.mp4,《秘境之眼》 苍鹭 20200505.mp4
0615.mp4,《秘境之眼》 苍鹭 20210717.mp4
0616.mp4,《秘境之眼》 荒漠猫 20200718.mp4
0617.mp4,《秘境之眼》 荒漠猫-黑颈鹤 20210620.mp4
0618.mp4,《秘境之眼》 菲氏叶猴 20200830.mp4
0619.mp4,《秘境之眼》 菲氏叶猴 20200831.mp4
0620.mp4,《秘境之眼》 菲氏叶猴 20201002.mp4
0621.mp4,《秘境之眼》 菲氏叶猴 20210313.mp4
0622.mp4,《秘境之眼》 菲氏叶猴 20211107.mp4
0623.mp4,《秘境之眼》 菲氏叶猴 20220509.mp4
0624.mp4,《秘境之眼》 菲氏叶猴-海南鳽-冠斑犀鸟-中华鬣羚 20210524.mp4
0625.mp4,《秘境之眼》 蒙古野驴 20191208.mp4
0626.mp4,《秘境之眼》 蓝喉蜂虎 20210724.mp4
0627.mp4,《秘境之眼》 蓝背八色鸫 20220222.mp4
0628.mp4,《秘境之眼》 蓝马鸡 20200112.mp4
0629.mp4,《秘境之眼》 蓝马鸡 20200113.mp4
0630.mp4,《秘境之眼》 蓝马鸡 20201111.mp4
0631.mp4,《秘境之眼》 蓝马鸡 20211212.mp4
0632.mp4,《秘境之眼》 藏原羚 20200406.mp4
0633.mp4,《秘境之眼》 藏狐 20200529.mp4
0634.mp4,《秘境之眼》 藏狐 20200601.mp4
0635.mp4,《秘境之眼》 藏狐 20200609.mp4
0636.mp4,《秘境之眼》 藏狐 20201115.mp4
0637.mp4,《秘境之眼》 藏狐-熊猴-中华鬣羚 20201006.mp4
0638.mp4,《秘境之眼》 藏狐-狼-兔狲-雪豹 20210828.mp4
0639.mp4,《秘境之眼》 藏羚-野牦牛-雪豹-赤狐-荒漠猫-白唇鹿 20220111.mp4
0640.mp4,《秘境之眼》 藏酋猴 20200401.mp4
0641.mp4,《秘境之眼》 藏酋猴 20201206.mp4
0642.mp4,《秘境之眼》 藏酋猴 20210122.mp4
0643.mp4,《秘境之眼》 藏酋猴 20210324.mp4
0644.mp4,《秘境之眼》 藏酋猴 20210325.mp4
0645.mp4,《秘境之眼》 藏酋猴 20211031.mp4
0646.mp4,《秘境之眼》 藏酋猴 20211128.mp4
0647.mp4,《秘境之眼》 藏酋猴 20211217.mp4
0648.mp4,《秘境之眼》 藏酋猴 20211230.mp4
0649.mp4,《秘境之眼》 藏酋猴 20220127.mp4
0650.mp4,《秘境之眼》 藏酋猴 20220525.mp4
0651.mp4,《秘境之眼》 藏酋猴-毛冠鹿-勺鸡-中华鬣羚-白鹇-小麂 20220105.mp4
0652.mp4,《秘境之眼》 藏酋猴-赤腹松鼠-毛冠鹿-中华鬣羚-勺鸡-黑熊-野猪-小麂 20210224.mp4
0653.mp4,《秘境之眼》 藏野驴 20200407.mp4
0654.mp4,《秘境之眼》 藏野驴-野牦牛-兀鹫 20201225.mp4
0655.mp4,《秘境之眼》 藏雪鸡 20210402.mp4
0656.mp4,《秘境之眼》 藏雪鸡-雪豹-猞猁 20191110.mp4
0657.mp4,《秘境之眼》 虎 20200510.mp4
0658.mp4,《秘境之眼》 虎 20210223.mp4
0659.mp4,《秘境之眼》 虎 20210729.mp4
0660.mp4,《秘境之眼》 虎-紫貂-马鹿 20220211.mp4
0661.mp4,《秘境之眼》 虎-豹 20200729.mp4
0662.mp4,《秘境之眼》 虎-豹 20210308.mp4
0663.mp4,《秘境之眼》 虎-豹 20211019.mp4
0664.mp4,《秘境之眼》 虎-豹-紫貂-黑熊-梅花鹿-狍 20220215.mp4
0665.mp4,《秘境之眼》 虎-雪豹-豹-兔狲 20190913.mp4
0666.mp4,《秘境之眼》 蛇雕 20200429.mp4
0667.mp4,《秘境之眼》 蛇雕 20220302.mp4
0668.mp4,《秘境之眼》 蛇雕-食蟹獴 20201210.mp4
0669.mp4,《秘境之眼》 血雉 20191203.mp4
0670.mp4,《秘境之眼》 血雉 20191218.mp4
0671.mp4,《秘境之眼》 血雉 20200417.mp4
0672.mp4,《秘境之眼》 血雉 20200921.mp4
0673.mp4,《秘境之眼》 血雉 20201029.mp4
0674.mp4,《秘境之眼》 血雉 20220123.mp4
0675.mp4,《秘境之眼》 血雉 20220521.mp4
0676.mp4,《秘境之眼》 血雉-斑尾榛鸡 20200915.mp4
0677.mp4,《秘境之眼》 血雉-斑羚-黄鼬-绿尾虹雉 20191024.mp4
0678.mp4,《秘境之眼》 血雉-红腹锦鸡-红腹角雉 20200515.mp4
0679.mp4,《秘境之眼》 血雉-蓝马鸡 20200804.mp4
0680.mp4,《秘境之眼》 褐菖鲉 20201102.mp4
0681.mp4,《秘境之眼》 褐马鸡 20191018.mp4
0682.mp4,《秘境之眼》 褐马鸡 20210625.mp4
0683.mp4,《秘境之眼》 褐马鸡-秦岭羚牛-普氏原羚-河狸 20200520.mp4
0684.mp4,《秘境之眼》 豪猪 20220621.mp4
0685.mp4,《秘境之眼》 豹 20190929.mp4
0686.mp4,《秘境之眼》 豹 20191012.mp4
0687.mp4,《秘境之眼》 豹 20191013.mp4
0688.mp4,《秘境之眼》 豹 20191014.mp4
0689.mp4,《秘境之眼》 豹 20191020.mp4
0690.mp4,《秘境之眼》 豹 20200509.mp4
0691.mp4,《秘境之眼》 豹 20200615.mp4
0692.mp4,《秘境之眼》 豹 20201221.mp4
0693.mp4,《秘境之眼》 豹 20210104.mp4
0694.mp4,《秘境之眼》 豹 20210208.mp4
0695.mp4,《秘境之眼》 豹 20210227.mp4
0696.mp4,《秘境之眼》 豹 20210719.mp4
0697.mp4,《秘境之眼》 豹 20210927.mp4
0698.mp4,《秘境之眼》 豹-岩羊-白唇鹿-马麝-荒漠猫-棕熊 20211017.mp4
0699.mp4,《秘境之眼》 豹-赤狐 20210629.mp4
0700.mp4,《秘境之眼》 豹-野猪-马鹿-虎 20211014.mp4
0701.mp4,《秘境之眼》 豹猫 20191031.mp4
0702.mp4,《秘境之眼》 豹猫 20200502.mp4
0703.mp4,《秘境之眼》 豹猫 20200503.mp4
0704.mp4,《秘境之眼》 豹猫 20200619.mp4
0705.mp4,《秘境之眼》 豹猫 20200912.mp4
0706.mp4,《秘境之眼》 豹猫 20201204.mp4
0707.mp4,《秘境之眼》 豹猫 20201205.mp4
0708.mp4,《秘境之眼》 豹猫 20201224.mp4
0709.mp4,《秘境之眼》 豹猫 20210315.mp4
0710.mp4,《秘境之眼》 豹猫 20210418.mp4
0711.mp4,《秘境之眼》 豹猫 20210615.mp4
0712.mp4,《秘境之眼》 豹猫 20210710.mp4
0713.mp4,《秘境之眼》 豹猫 20210807.mp4
0714.mp4,《秘境之眼》 豹猫 20211120.mp4
0715.mp4,《秘境之眼》 豹猫 20211209.mp4
0716.mp4,《秘境之眼》 豹猫 20220220.mp4
0717.mp4,《秘境之眼》 豹猫 20220312.mp4
0718.mp4,《秘境之眼》 豹猫 20220408.mp4
0719.mp4,《秘境之眼》 豹猫-白颈长尾雉-红腹锦鸡-红嘴相思鸟-小麂 20210220.mp4
0720.mp4,《秘境之眼》 豹猫-赤狐-狗獾-狍 20190922.mp4
0721.mp4,《秘境之眼》 豹猫-野猪-红嘴相思鸟-红腹锦鸡-白鹇 20191221.mp4
0722.mp4,《秘境之眼》 豺 20220221.mp4
0723.mp4,《秘境之眼》 豺 20220418.mp4
0724.mp4,《秘境之眼》 豺 20220612.mp4
0725.mp4,《秘境之眼》 豺-西藏盘羊 20191206.mp4
0726.mp4,《秘境之眼》 豺-赤狐 20190911.mp4
0727.mp4,《秘境之眼》 豺-赤麂-猪獾 20191107.mp4
0728.mp4,《秘境之眼》 貂熊 20191201.mp4
0729.mp4,《秘境之眼》 貂熊 20210318.mp4
0730.mp4,《秘境之眼》 貂熊 20220520.mp4
0731.mp4,《秘境之眼》 贡山羚牛 20220314.mp4
0732.mp4,《秘境之眼》 赤狐 20201110.mp4
0733.mp4,《秘境之眼》 赤狐 20201127.mp4
0734.mp4,《秘境之眼》 赤狐 20210604.mp4
0735.mp4,《秘境之眼》 赤狐 20210702.mp4
0736.mp4,《秘境之眼》 赤狐 20211127.mp4
0737.mp4,《秘境之眼》 赤狐-兔狲-棕熊-狼-豹 20210228.mp4
0738.mp4,《秘境之眼》 赤腹松鼠 20210121.mp4
0739.mp4,《秘境之眼》 赤腹松鼠 20210925.mp4
0740.mp4,《秘境之眼》 赤腹松鼠-白腹巨鼠-红背鼯鼠 20200220.mp4
0741.mp4,《秘境之眼》 赤腹松鼠-红颊长吻松鼠 20200717.mp4
0742.mp4,《秘境之眼》 赤鹿 20211130.mp4
0743.mp4,《秘境之眼》 赤鹿 20220428.mp4
0744.mp4,《秘境之眼》 赤麂 20190910.mp4
0745.mp4,《秘境之眼》 赤麂 20190919.mp4
0746.mp4,《秘境之眼》 赤麂 20191105.mp4
0747.mp4,《秘境之眼》 赤麂 20200322.mp4
0748.mp4,《秘境之眼》 赤麂 20200329.mp4
0749.mp4,《秘境之眼》 赤麂 20200610.mp4
0750.mp4,《秘境之眼》 赤麂 20200628.mp4
0751.mp4,《秘境之眼》 赤麂 20200820.mp4
0752.mp4,《秘境之眼》 赤麂 20211028.mp4
0753.mp4,《秘境之眼》 赤麻鸭 20210910.mp4
0754.mp4,《秘境之眼》 赤麻鸭-高原山鹑-西藏毛腿沙鸡 20201222.mp4
0755.mp4,《秘境之眼》 野牛 20210314.mp4
0756.mp4,《秘境之眼》 野牛 20210911.mp4
0757.mp4,《秘境之眼》 野牦牛 20200526.mp4
0758.mp4,《秘境之眼》 野牦牛 20210217.mp4
0759.mp4,《秘境之眼》 野牦牛-雪豹-藏狐-棕熊-狼-豹 20220202.mp4
0760.mp4,《秘境之眼》 野猪 20191015.mp4
0761.mp4,《秘境之眼》 野猪 20191025.mp4
0762.mp4,《秘境之眼》 野猪 20191104.mp4
0763.mp4,《秘境之眼》 野猪 20191114.mp4
0764.mp4,《秘境之眼》 野猪 20191128.mp4
0765.mp4,《秘境之眼》 野猪 20200103.mp4
0766.mp4,《秘境之眼》 野猪 20200117.mp4
0767.mp4,《秘境之眼》 野猪 20200305.mp4
0768.mp4,《秘境之眼》 野猪 20200310.mp4
0769.mp4,《秘境之眼》 野猪 20200320.mp4
0770.mp4,《秘境之眼》 野猪 20200415.mp4
0771.mp4,《秘境之眼》 野猪 20200423.mp4
0772.mp4,《秘境之眼》 野猪 20200612.mp4
0773.mp4,《秘境之眼》 野猪 20200624.mp4
0774.mp4,《秘境之眼》 野猪 20200715.mp4
0775.mp4,《秘境之眼》 野猪 20200805.mp4
0776.mp4,《秘境之眼》 野猪 20200901.mp4
0777.mp4,《秘境之眼》 野猪 20200908.mp4
0778.mp4,《秘境之眼》 野猪 20200923.mp4
0779.mp4,《秘境之眼》 野猪 20201104.mp4
0780.mp4,《秘境之眼》 野猪 20201201.mp4
0781.mp4,《秘境之眼》 野猪 20201215.mp4
0782.mp4,《秘境之眼》 野猪 20210126.mp4
0783.mp4,《秘境之眼》 野猪 20210407.mp4
0784.mp4,《秘境之眼》 野猪 20210416.mp4
0785.mp4,《秘境之眼》 野猪 20210603.mp4
0786.mp4,《秘境之眼》 野猪 20210728.mp4
0787.mp4,《秘境之眼》 野猪 20210902.mp4
0788.mp4,《秘境之眼》 野猪 20210909.mp4
0789.mp4,《秘境之眼》 野猪 20211027.mp4
0790.mp4,《秘境之眼》 野猪 20211102.mp4
0791.mp4,《秘境之眼》 野猪 20211109.mp4
0792.mp4,《秘境之眼》 野猪 20211117.mp4
0793.mp4,《秘境之眼》 野猪 20211202.mp4
0794.mp4,《秘境之眼》 野猪 20211208.mp4
0795.mp4,《秘境之眼》 野猪 20211214.mp4
0796.mp4,《秘境之眼》 野猪-勺鸡-灰胸竹鸡 20200211.mp4
0797.mp4,《秘境之眼》 野猪-梅花鹿-狍-黄鼬-狗獾 20200523.mp4
0798.mp4,《秘境之眼》 野猪-梅花鹿-黑熊 20191102.mp4
0799.mp4,《秘境之眼》 野猪-毛冠鹿-中国豪猪-豹猫 20191127.mp4
0800.mp4,《秘境之眼》 野猪-狍子-勺鸡-中华斑羚 20210203.mp4
0801.mp4,《秘境之眼》 野猪-狍子-棕熊-猞猁-狗獾-黄鼬 20191208.mp4
0802.mp4,《秘境之眼》 野猪-猪獾 20200707.mp4
0803.mp4,《秘境之眼》 野猪-白颈长尾雉-红腹角雉 20200602.mp4
0804.mp4,《秘境之眼》 野猪-白鹇 20191017.mp4
0805.mp4,《秘境之眼》 野猪-红嘴蓝鹊 20201105.mp4
0806.mp4,《秘境之眼》 野骆驼 20200719.mp4
0807.mp4,《秘境之眼》 野骆驼 20200720.mp4
0808.mp4,《秘境之眼》 野骆驼 20210906.mp4
0809.mp4,《秘境之眼》 野骆驼 20211101.mp4
0810.mp4,《秘境之眼》 野骆驼 20220404.mp4
0811.mp4,《秘境之眼》 野骆驼-普氏野马-大白鹭-猞猁 20220515.mp4
0812.mp4,《秘境之眼》 金猫 20200816.mp4
0813.mp4,《秘境之眼》 金猫 20210316.mp4
0814.mp4,《秘境之眼》 长江江豚 20210601.mp4
0815.mp4,《秘境之眼》 雪兔 20200108.mp4
0816.mp4,《秘境之眼》 雪豹 20191021.mp4
0817.mp4,《秘境之眼》 雪豹 20191023.mp4
0818.mp4,《秘境之眼》 雪豹 20191228.mp4
0819.mp4,《秘境之眼》 雪豹 20191229.mp4
0820.mp4,《秘境之眼》 雪豹 20200311.mp4
0821.mp4,《秘境之眼》 雪豹 20200727.mp4
0822.mp4,《秘境之眼》 雪豹 20200810.mp4
0823.mp4,《秘境之眼》 雪豹 20200817.mp4
0824.mp4,《秘境之眼》 雪豹 20210222.mp4
0825.mp4,《秘境之眼》 雪豹 20210301.mp4
0826.mp4,《秘境之眼》 雪豹 20210307.mp4
0827.mp4,《秘境之眼》 雪豹 20210327.mp4
0828.mp4,《秘境之眼》 雪豹 20210413.mp4
0829.mp4,《秘境之眼》 雪豹 20210503.mp4
0830.mp4,《秘境之眼》 雪豹 20210614.mp4
0831.mp4,《秘境之眼》 雪豹 20210705.mp4
0832.mp4,《秘境之眼》 雪豹 20210809.mp4
0833.mp4,《秘境之眼》 雪豹 20211023.mp4
0834.mp4,《秘境之眼》 雪豹 20211206.mp4
0835.mp4,《秘境之眼》 雪豹-北豚尾猴-猞猁-豹 20201005.mp4
0836.mp4,《秘境之眼》 雪豹-豹-朱鹮-霜鹿角珊瑚 20210522.mp4
0837.mp4,《秘境之眼》 震旦鸦雀 20200420.mp4
0838.mp4,《秘境之眼》 震旦鸦雀-苍鹭-牛背鹭-丹顶鹤 20191007.mp4
0839.mp4,《秘境之眼》 霜鹿角珊瑚 20200622.mp4
0840.mp4,《秘境之眼》 青头潜鸭-白骨顶-东方白鹳-水雉-小䴙䴘 20211210.mp4
0841.mp4,《秘境之眼》 食蟹獴 20200706.mp4
0842.mp4,《秘境之眼》 食蟹獴 20200710.mp4
0843.mp4,《秘境之眼》 食蟹獴 20210922.mp4
0844.mp4,《秘境之眼》 食蟹獴 20220309.mp4
0845.mp4,《秘境之眼》 食蟹獴 20220322.mp4
0846.mp4,《秘境之眼》 食蟹獴 20220331.mp4
0847.mp4,《秘境之眼》 食蟹獴 20220527.mp4
0848.mp4,《秘境之眼》 马鹿 20190903.mp4
0849.mp4,《秘境之眼》 马鹿 20191230.mp4
0850.mp4,《秘境之眼》 马鹿 20200204.mp4
0851.mp4,《秘境之眼》 马鹿 20210430.mp4
0852.mp4,《秘境之眼》 马鹿-狼 20200807.mp4
0853.mp4,《秘境之眼》 马麝 20200213.mp4
0854.mp4,《秘境之眼》 驼鹿 20190907.mp4
0855.mp4,《秘境之眼》 驼鹿 20200205.mp4
0856.mp4,《秘境之眼》 驼鹿 20220110.mp4
0857.mp4,《秘境之眼》 驼鹿 20220124.mp4
0858.mp4,《秘境之眼》 驼鹿 20220315.mp4
0859.mp4,《秘境之眼》 驼鹿 20220503.mp4
0860.mp4,《秘境之眼》 驼鹿 20220620.mp4
0861.mp4,《秘境之眼》 驼鹿-野猪-猞猁-紫貂-原麝-貂熊 20210331.mp4
0862.mp4,《秘境之眼》 骨顶鸡 20191106.mp4
0863.mp4,《秘境之眼》 高原鼠兔-藏雪鸡 20210408.mp4
0864.mp4,《秘境之眼》 高原鼠兔-香鼬-猎隼 20201124.mp4
0865.mp4,《秘境之眼》 高山兀鹫 20191213.mp4
0866.mp4,《秘境之眼》 高山兀鹫-胡兀鹫 20201011.mp4
0867.mp4,《秘境之眼》 高黎贡白眉长臂猿 20220611.mp4
0868.mp4,《秘境之眼》 高黎贡羚牛 20210205.mp4
0869.mp4,《秘境之眼》 鸳鸯 20200814.mp4
0870.mp4,《秘境之眼》 鸳鸯 20210125.mp4
0871.mp4,《秘境之眼》 鸳鸯 20210506.mp4
0872.mp4,《秘境之眼》 鸳鸯 20220126.mp4
0873.mp4,《秘境之眼》 鸿雁 20210403.mp4
0874.mp4,《秘境之眼》 鹅喉羚 20191126.mp4
0875.mp4,《秘境之眼》 鹅喉羚 20200711.mp4
0876.mp4,《秘境之眼》 鹅喉羚 20211024.mp4
0877.mp4,《秘境之眼》 鹅喉羚 20220319.mp4
0878.mp4,《秘境之眼》 鹅喉羚-蒙古野驴-狼 20220626.mp4
0879.mp4,《秘境之眼》 鹊鸭 20210821.mp4
0880.mp4,《秘境之眼》 鹰雕 20200919.mp4
0881.mp4,《秘境之眼》 麋鹿 20190905.mp4
0882.mp4,《秘境之眼》 麋鹿 20190906.mp4
0883.mp4,《秘境之眼》 麋鹿 20201023.mp4
0884.mp4,《秘境之眼》 麋鹿 20201024.mp4
0885.mp4,《秘境之眼》 黄喉貂 20191108.mp4
0886.mp4,《秘境之眼》 黄喉貂 20191122.mp4
0887.mp4,《秘境之眼》 黄喉貂 20200321.mp4
0888.mp4,《秘境之眼》 黄喉貂 20200611.mp4
0889.mp4,《秘境之眼》 黄喉貂 20200708.mp4
0890.mp4,《秘境之眼》 黄喉貂 20200828.mp4
0891.mp4,《秘境之眼》 黄喉貂 20201015.mp4
0892.mp4,《秘境之眼》 黄喉貂 20201122.mp4
0893.mp4,《秘境之眼》 黄喉貂 20201123.mp4
0894.mp4,《秘境之眼》 黄喉貂 20201202.mp4
0895.mp4,《秘境之眼》 黄喉貂 20201219.mp4
0896.mp4,《秘境之眼》 黄喉貂 20210412.mp4
0897.mp4,《秘境之眼》 黄喉貂 20210618.mp4
0898.mp4,《秘境之眼》 黄喉貂 20210827.mp4
0899.mp4,《秘境之眼》 黄喉貂 20211105.mp4
0900.mp4,《秘境之眼》 黄喉貂 20211121.mp4
0901.mp4,《秘境之眼》 黄喉貂 20211122.mp4
0902.mp4,《秘境之眼》 黄喉貂 20211203.mp4
0903.mp4,《秘境之眼》 黄喉貂 20211213.mp4
0904.mp4,《秘境之眼》 黄喉貂 20220623.mp4
0905.mp4,《秘境之眼》 黄喉貂-狍 20191029.mp4
0906.mp4,《秘境之眼》 黄喉貂-狗獾-红腹锦鸡-赤狐-野猪-狍 20191217.mp4
0907.mp4,《秘境之眼》 黄喉貂-猞猁-川金丝猴-四川羚牛-虎-荒漠猫-兔狲-雪豹 20211011.mp4
0908.mp4,《秘境之眼》 黄喉貂-白马鸡-欧亚水獭 20210527.mp4
0909.mp4,《秘境之眼》 黄嘴白鹭 20210329.mp4
0910.mp4,《秘境之眼》 黄嘴白鹭 20210330.mp4
0911.mp4,《秘境之眼》 黄胸绿鹊 20200111.mp4
0912.mp4,《秘境之眼》 黄腹角雉 20200818.mp4
0913.mp4,《秘境之眼》 黄腹角雉 20201218.mp4
0914.mp4,《秘境之眼》 黄腹角雉 20210613.mp4
0915.mp4,《秘境之眼》 黄腹角雉 20210928.mp4
0916.mp4,《秘境之眼》 黄腹角雉 20211103.mp4
0917.mp4,《秘境之眼》 黄腹角雉 20211222.mp4
0918.mp4,《秘境之眼》 黄腹角雉 20220303.mp4
0919.mp4,《秘境之眼》 黄足松鼠 20201121.mp4
0920.mp4,《秘境之眼》 黑叶猴 20191003.mp4
0921.mp4,《秘境之眼》 黑叶猴 20200618.mp4
0922.mp4,《秘境之眼》 黑啄木鸟 20200206.mp4
0923.mp4,《秘境之眼》 黑嘴松鸡 20191116.mp4
0924.mp4,《秘境之眼》 黑嘴松鸡-狗獾-松鸦-大杜鹃-黑琴鸡-赤狐 20200414.mp4
0925.mp4,《秘境之眼》 黑嘴松鸡-藏雪鸡-东黑冠长臂猿-雪豹 20200126.mp4
0926.mp4,《秘境之眼》 黑熊  20220530.mp4
0927.mp4,《秘境之眼》 黑熊 20191115.mp4
0928.mp4,《秘境之眼》 黑熊 20191123.mp4
0929.mp4,《秘境之眼》 黑熊 20200308.mp4
0930.mp4,《秘境之眼》 黑熊 20200506.mp4
0931.mp4,《秘境之眼》 黑熊 20200920.mp4
0932.mp4,《秘境之眼》 黑熊 20201017.mp4
0933.mp4,《秘境之眼》 黑熊 20201027.mp4
0934.mp4,《秘境之眼》 黑熊 20210111.mp4
0935.mp4,《秘境之眼》 黑熊 20210118.mp4
0936.mp4,《秘境之眼》 黑熊 20210207.mp4
0937.mp4,《秘境之眼》 黑熊 20210226.mp4
0938.mp4,《秘境之眼》 黑熊 20210310.mp4
0939.mp4,《秘境之眼》 黑熊 20210517.mp4
0940.mp4,《秘境之眼》 黑熊 20210704.mp4
0941.mp4,《秘境之眼》 黑熊 20211220.mp4
0942.mp4,《秘境之眼》 黑熊 20211227.mp4
0943.mp4,《秘境之眼》 黑熊 20220228.mp4
0944.mp4,《秘境之眼》 黑熊 20220313.mp4
0945.mp4,《秘境之眼》 黑熊 20220402.mp4
0946.mp4,《秘境之眼》 黑熊 20220411.mp4
0947.mp4,《秘境之眼》 黑熊 20220425.mp4
0948.mp4,《秘境之眼》 黑熊-小熊猫-猞猁-荒漠猫 20200521.mp4
0949.mp4,《秘境之眼》 黑熊-小麂 20210718.mp4
0950.mp4,《秘境之眼》 黑熊-斑林狸-豹猫 20191130.mp4
0951.mp4,《秘境之眼》 黑熊-林麝 20201030.mp4
0952.mp4,《秘境之眼》 黑熊-荒漠猫-四川羚牛-中华鬣羚-野猪 20211004.mp4
0953.mp4,《秘境之眼》 黑熊-野猪-水雉 20200102.mp4
0954.mp4,《秘境之眼》 黑熊-雪豹-藏狐-云豹 20201004.mp4
0955.mp4,《秘境之眼》 黑熊-黄喉貂 20200403.mp4
0956.mp4,《秘境之眼》 黑熊-黄喉貂 20211124.mp4
0957.mp4,《秘境之眼》 黑琴鸡-白冠长尾雉-红腹锦鸡-白鹇 20191008.mp4
0958.mp4,《秘境之眼》 黑琴鸡-黑翅长脚鹬-大鸨-黑颈鹤 20200517.mp4
0959.mp4,《秘境之眼》 黑翅长脚鹬 20191222.mp4
0960.mp4,《秘境之眼》 黑翅长脚鹬 20191223.mp4
0961.mp4,《秘境之眼》 黑翅长脚鹬-东方白鹳-白琵鹭-灰鹤 20200202.mp4
0962.mp4,《秘境之眼》 黑胸鸫-黑领噪鹛 20200728.mp4
0963.mp4,《秘境之眼》 黑脸琵鹭 20200604.mp4
0964.mp4,《秘境之眼》 黑脸琵鹭-琵嘴鸭 20210103.mp4
0965.mp4,《秘境之眼》 黑领噪鹛 20200328.mp4
0966.mp4,《秘境之眼》 黑领噪鹛 20210826.mp4
0967.mp4,《秘境之眼》 黑领噪鹛 20220114.mp4
0968.mp4,《秘境之眼》 黑领噪鹛 20220426.mp4
0969.mp4,《秘境之眼》 黑颈鹤 20200312.mp4
0970.mp4,《秘境之眼》 黑颈鹤-双角犀鸟-朱鹮-东方白鹳 20190915.mp4
0971.mp4,《秘境之眼》 黑颈鹤-大天鹅-白骨顶-凤头䴙䴘 20220524.mp4
0972.mp4,《秘境之眼》 黑颈鹤-大熊猫-雪豹-四川羚牛-荒漠猫-兔狲 20211001.mp4
0973.mp4,《秘境之眼》 黑颈鹤-暗腹雪鸡 20210630.mp4
0974.mp4,《秘境之眼》 黑颈鹤-毛冠鹿-黑熊-血雉-白马鸡 20210225.mp4
0975.mp4,《秘境之眼》 黑颈鹤-猕猴-大熊猫-中国豪猪 20200201.mp4
0976.mp4,《秘境之眼》 黑颈鹤-血雉-白马鸡-黑熊-毛冠鹿-原麝-赤狐 20220210.mp4
0977.mp4,《秘境之眼》 黑颈鹤-野猪-黑熊-马鹿 20200127.mp4
0978.mp4,《秘境之眼》 黑鹇 20200910.mp4
0979.mp4,《秘境之眼》 黑鹇 20200911.mp4
0980.mp4,《秘境之眼》 黑鹳 20190908.mp4
0981.mp4,《秘境之眼》 黑鹳 20190909.mp4
0982.mp4,《秘境之眼》 黑鹳 20200821.mp4
0983.mp4,《秘境之眼》 黑鹳 20200822.mp4
0984.mp4,《秘境之眼》 黑鹳 20200827.mp4
0985.mp4,《秘境之眼》 黑麂 20200115.mp4
0986.mp4,《秘境之眼》 黑麂 20200922.mp4
0987.mp4,《秘境之眼》 黑麂 20210131.mp4
0988.mp4,《秘境之眼》 黑麂 20210508.mp4
0989.mp4,《秘境之眼》 黑麂 20210930.mp4
0990.mp4,《秘境之眼》 黑麂-中华鬣羚-白鹇-小麂 20210624.mp4
0991.mp4,《秘境之眼》 黑麂-中华鬣羚-黑熊-小麂-白鹇-白颈长尾雉 20210216.mp4
0992.mp4,《秘境之眼》 黑麂-白颈长尾雉-中华鬣羚-白鹇-豹猫-黑熊 20220208.mp4
0993.mp4,《秘境之眼》 黑麂-白鹇 20220317.mp4
0994.mp4,《秘境之眼》 鼬獾 20220306.mp4
0995.mp4,《秘境之眼》 鼬獾 20220412.mp4
0996.mp4,《秘境之眼》 鼬獾-斑林狸-豹猫 20210805.mp4
0997.mp4,《秘境之眼》大熊猫-棕熊-黑熊-雪豹 20200130.mp4
0998.mp4,《秘境之眼》白头叶猴-血雉-赤麂-毛冠鹿 20200128.mp4
0999.mp4,《秘境之眼》血雉-黑琴鸡-野猪 20200131.mp4
